"payout_id","effective_at_utc","effective_at","currency","gross","fee","net","reporting_category","balance_transaction_id","description","payout_expected_arrival_date","payout_status","payout_reversed_at_utc","payout_reversed_at","payout_type","payout_description","payout_destination_id","trace_id","trace_id_status","application_fee"
"po_1PAjqnGtEGgLrOjaqDIXCjBJ","2024-05-01 00:00:00","2024-05-01 01:00:00","gbp","67.99","0.00","67.99","payout","txn_1PAjqoGtEGgLrOjaf9A6UoO4","STRIPE PAYOUT","2024-05-01 00:00:00","paid",,,"bank_account","STRIPE PAYOUT","ba_1CQ93zGtEGgLrOjalSDfxqij","STRIPE-H83QAOMN99KHTPE2NZVF9WOME5XQ","supported",
"po_1PB69AGtEGgLrOjaKsEbnXgP","2024-05-02 00:00:00","2024-05-02 01:00:00","gbp","409.27","0.00","409.27","payout","txn_1PB69BGtEGgLrOjaQSTA9Ahm","STRIPE PAYOUT","2024-05-02 00:00:00","paid",,,"bank_account","STRIPE PAYOUT","ba_1CQ93zGtEGgLrOjalSDfxqij","STRIPE-FJ3UUCQWFV9JK1KMECNGPYT8AV3G","supported",
"po_1PBrmJGtEGgLrOjaqZqU8Phj","2024-05-07 00:00:00","2024-05-07 01:00:00","gbp","14.57","0.00","14.57","payout","txn_1PBrmJGtEGgLrOjaG3GXVCwe","STRIPE PAYOUT","2024-05-07 00:00:00","paid",,,"bank_account","STRIPE PAYOUT","ba_1CQ93zGtEGgLrOjalSDfxqij","STRIPE-CIQBV0NKIHUC2ZXW9PRXXY0PPETC","supported",
"po_1PDdJwGtEGgLrOjaWVnwvXAP","2024-05-09 00:00:00","2024-05-09 01:00:00","gbp","68.15","0.00","68.15","payout","txn_1PDdJxGtEGgLrOjagCdoqaEF","STRIPE PAYOUT","2024-05-09 00:00:00","paid",,,"bank_account","STRIPE PAYOUT","ba_1CQ93zGtEGgLrOjalSDfxqij","STRIPE-L8XTVMIPIYQ0ITDSH58QU3ATXSNT","supported",
"po_1PDzcLGtEGgLrOjasYAEG0t2","2024-05-10 00:00:00","2024-05-10 01:00:00","gbp","300.57","0.00","300.57","payout","txn_1PDzcMGtEGgLrOjaUGkNdokL","STRIPE PAYOUT","2024-05-10 00:00:00","paid",,,"bank_account","STRIPE PAYOUT","ba_1CQ93zGtEGgLrOjalSDfxqij","STRIPE-MUYHJLD8VML5BJW2DYWZSXM3MXYE","supported",
"po_1PEOpoGtEGgLrOjaMr2fotDV","2024-05-13 00:00:00","2024-05-13 01:00:00","gbp","102.82","0.00","102.82","payout","txn_1PEOpoGtEGgLrOjarNRqwoL3","STRIPE PAYOUT","2024-05-13 00:00:00","paid",,,"bank_account","STRIPE PAYOUT","ba_1CQ93zGtEGgLrOjalSDfxqij","STRIPE-G0DSRXNAGFW3LLA4VHEFMSRED9BI","supported",
"po_1PFoS6GtEGgLrOja4T6Wde6u","2024-05-15 00:00:00","2024-05-15 01:00:00","gbp","77.99","0.00","77.99","payout","txn_1PFoS7GtEGgLrOja1LeuFUbd","STRIPE PAYOUT","2024-05-15 00:00:00","paid",,,"bank_account","STRIPE PAYOUT","ba_1CQ93zGtEGgLrOjalSDfxqij","STRIPE-CX2FFHGK","supported",
"po_1PGAl6GtEGgLrOjay2qcmBih","2024-05-16 00:00:00","2024-05-16 01:00:00","gbp","223.49","0.00","223.49","payout","txn_1PGAl6GtEGgLrOjaRreYZc1M","STRIPE PAYOUT","2024-05-16 00:00:00","paid",,,"bank_account","STRIPE PAYOUT","ba_1CQ93zGtEGgLrOjalSDfxqij","STRIPE-W7HYZ7HD","supported",
"po_1PGwEkGtEGgLrOjaGMaKT18b","2024-05-20 00:00:00","2024-05-20 01:00:00","gbp","107.54","0.00","107.54","payout","txn_1PGwElGtEGgLrOjaI9K6HsER","STRIPE PAYOUT","2024-05-20 00:00:00","paid",,,"bank_account","STRIPE PAYOUT","ba_1CQ93zGtEGgLrOjalSDfxqij","STRIPE-XSGIV3K1","supported",
"po_1PHFu3GtEGgLrOjaz9KgnKWF","2024-05-21 00:00:00","2024-05-21 01:00:00","gbp","48.85","0.00","48.85","payout","txn_1PHFu4GtEGgLrOjawwT7QC76","STRIPE PAYOUT","2024-05-21 00:00:00","paid",,,"bank_account","STRIPE PAYOUT","ba_1CQ93zGtEGgLrOjalSDfxqij","STRIPE-SKFOUJCK","supported",
"po_1PILuQGtEGgLrOjaT8FNL9fR","2024-05-22 00:00:00","2024-05-22 01:00:00","gbp","107.34","0.00","107.34","payout","txn_1PILuRGtEGgLrOjaGQ5EXp3C","STRIPE PAYOUT","2024-05-22 00:00:00","paid",,,"bank_account","STRIPE PAYOUT","ba_1CQ93zGtEGgLrOjalSDfxqij","STRIPE-5S0NKUTL","supported",
"po_1PIhwEGtEGgLrOjaP3pk3guE","2024-05-23 00:00:00","2024-05-23 01:00:00","gbp","242.80","0.00","242.80","payout","txn_1PIhwFGtEGgLrOjar709dDA1","STRIPE PAYOUT","2024-05-23 00:00:00","paid",,,"bank_account","STRIPE PAYOUT","ba_1CQ93zGtEGgLrOjalSDfxqij","STRIPE-UYEJRX00","supported",
"po_1PJnqpGtEGgLrOjalh69E6sY","2024-05-29 00:00:00","2024-05-29 01:00:00","gbp","9.65","0.00","9.65","payout","txn_1PJnqqGtEGgLrOjaZlfu0TaL","STRIPE PAYOUT","2024-05-29 00:00:00","paid",,,"bank_account","STRIPE PAYOUT","ba_1CQ93zGtEGgLrOjalSDfxqij","STRIPE-VWMMBZZR","supported",
"po_1PLG5GGtEGgLrOja5iv9QTJ0","2024-05-30 00:00:00","2024-05-30 01:00:00","gbp","78.20","0.00","78.20","payout","txn_1PLG5GGtEGgLrOjaIcNbuleB","STRIPE PAYOUT","2024-05-30 00:00:00","paid",,,"bank_account","STRIPE PAYOUT","ba_1CQ93zGtEGgLrOjalSDfxqij","STRIPE-ZZDDMCT4","supported",
"po_1PLc0MGtEGgLrOja3BEcpQwe","2024-05-31 00:00:00","2024-05-31 01:00:00","gbp","53.17","0.00","53.17","payout","txn_1PLc0MGtEGgLrOjaficlpFG2","STRIPE PAYOUT","2024-05-31 00:00:00","paid",,,"bank_account","STRIPE PAYOUT","ba_1CQ93zGtEGgLrOjalSDfxqij","STRIPE-TGCLL3L7","supported",
"po_1PM0w5GtEGgLrOjaAULeiKQw","2024-06-03 00:00:00","2024-06-03 01:00:00","gbp","58.90","0.00","58.90","payout","txn_1PM0w6GtEGgLrOjaYpqlpmFh","STRIPE PAYOUT","2024-06-03 00:00:00","paid",,,"bank_account","STRIPE PAYOUT","ba_1CQ93zGtEGgLrOjalSDfxqij","STRIPE-GVLFO0LS","supported",
"po_1PNQioGtEGgLrOja2OGTri5a","2024-06-05 00:00:00","2024-06-05 01:00:00","gbp","39.00","0.00","39.00","payout","txn_1PNQioGtEGgLrOjabv9yJ9bq","STRIPE PAYOUT","2024-06-05 00:00:00","paid",,,"bank_account","STRIPE PAYOUT","ba_1CQ93zGtEGgLrOjalSDfxqij","STRIPE-F1SN1N0W","supported",
"po_1PNmyPGtEGgLrOjaTBXBtnmY","2024-06-06 00:00:00","2024-06-06 01:00:00","gbp","286.73","0.00","286.73","payout","txn_1PNmyQGtEGgLrOja3DxUfGzG","STRIPE PAYOUT","2024-06-06 00:00:00","paid",,,"bank_account","STRIPE PAYOUT","ba_1CQ93zGtEGgLrOjalSDfxqij","STRIPE-AWZKZGYE","supported",
"po_1POC8SGtEGgLrOjap4zFEX1i","2024-06-07 00:00:00","2024-06-07 01:00:00","gbp","14.57","0.00","14.57","payout","txn_1POC8SGtEGgLrOja6sqc4fak","STRIPE PAYOUT","2024-06-07 00:00:00","paid",,,"bank_account","STRIPE PAYOUT","ba_1CQ93zGtEGgLrOjalSDfxqij","STRIPE-TSRVUEKY","supported",
"po_1POYYCGtEGgLrOjamG7ECtuu","2024-06-10 00:00:00","2024-06-10 01:00:00","gbp","73.47","0.00","73.47","payout","txn_1POYYCGtEGgLrOjaPLqqkH3g","STRIPE PAYOUT","2024-06-10 00:00:00","paid",,,"bank_account","STRIPE PAYOUT","ba_1CQ93zGtEGgLrOjalSDfxqij","STRIPE-PUODIXBP","supported",
"po_1PPxu0GtEGgLrOjaDSmFvsxW","2024-06-12 00:00:00","2024-06-12 01:00:00","gbp","97.50","0.00","97.50","payout","txn_1PPxu0GtEGgLrOjaXL1bJs7b","STRIPE PAYOUT","2024-06-12 00:00:00","paid",,,"bank_account","STRIPE PAYOUT","ba_1CQ93zGtEGgLrOjalSDfxqij","STRIPE-YESWKGLZ","supported",
"po_1PQK6HGtEGgLrOjaQATrr3Jp","2024-06-13 00:00:00","2024-06-13 01:00:00","gbp","233.16","0.00","233.16","payout","txn_1PQK6HGtEGgLrOjaTfjSF3rd","STRIPE PAYOUT","2024-06-13 00:00:00","paid",,,"bank_account","STRIPE PAYOUT","ba_1CQ93zGtEGgLrOjalSDfxqij","STRIPE-YBQGNNPY","supported",
"po_1PR613GtEGgLrOjakc7Kelpm","2024-06-17 00:00:00","2024-06-17 01:00:00","gbp","186.37","0.00","186.37","payout","txn_1PR613GtEGgLrOjayFkh5T33","STRIPE PAYOUT","2024-06-17 00:00:00","paid",,,"bank_account","STRIPE PAYOUT","ba_1CQ93zGtEGgLrOjalSDfxqij","STRIPE-4RXZRFIE","supported",
"po_1PSVSVGtEGgLrOjanMmLGZaB","2024-06-19 00:00:00","2024-06-19 01:00:00","gbp","19.50","0.00","19.50","payout","txn_1PSVSVGtEGgLrOjah12fwYEp","STRIPE PAYOUT","2024-06-19 00:00:00","paid",,,"bank_account","STRIPE PAYOUT","ba_1CQ93zGtEGgLrOjalSDfxqij","STRIPE-XZYESI1C","supported",
"po_1PSr74GtEGgLrOjaIIbQoczD","2024-06-20 00:00:00","2024-06-20 01:00:00","gbp","228.03","0.00","228.03","payout","txn_1PSr75GtEGgLrOjaZGt1Ybgn","STRIPE PAYOUT","2024-06-20 00:00:00","paid",,,"bank_account","STRIPE PAYOUT","ba_1CQ93zGtEGgLrOjalSDfxqij","STRIPE-N8TC2J6I","supported",
"po_1PTHTTGtEGgLrOjaMqH4RCz0","2024-06-21 00:00:00","2024-06-21 01:00:00","gbp","29.35","0.00","29.35","payout","txn_1PTHTZGtEGgLrOjaGyvf6UZF","STRIPE PAYOUT","2024-06-21 00:00:00","paid",,,"bank_account","STRIPE PAYOUT","ba_1CQ93zGtEGgLrOjalSDfxqij","STRIPE-IEEY2T5U","supported",
"po_1PUBqmGtEGgLrOjaGVbxqJlu","2024-06-24 00:00:00","2024-06-24 01:00:00","gbp","88.04","0.00","88.04","payout","txn_1PUBqmGtEGgLrOjauhHldelr","STRIPE PAYOUT","2024-06-24 00:00:00","paid",,,"bank_account","STRIPE PAYOUT","ba_1CQ93zGtEGgLrOjalSDfxqij","STRIPE-GOZQVP6R","supported",
"po_1PV36TGtEGgLrOjaoV27DpOg","2024-06-26 00:00:00","2024-06-26 01:00:00","gbp","24.22","0.00","24.22","payout","txn_1PV36TGtEGgLrOjahYo4m9Pl","STRIPE PAYOUT","2024-06-26 00:00:00","paid",,,"bank_account","STRIPE PAYOUT","ba_1CQ93zGtEGgLrOjalSDfxqij","STRIPE-G370C4WI","supported",
"po_1PVP3wGtEGgLrOjapipSP2Cv","2024-06-27 00:00:00","2024-06-27 01:00:00","gbp","310.74","0.00","310.74","payout","txn_1PVP3wGtEGgLrOja4CVVvaum","STRIPE PAYOUT","2024-06-27 00:00:00","paid",,,"bank_account","STRIPE PAYOUT","ba_1CQ93zGtEGgLrOjalSDfxqij","STRIPE-OULWVHLI","supported",
"po_1PW9pEGtEGgLrOjam2otoCK3","2024-07-01 00:00:00","2024-07-01 01:00:00","gbp","73.47","0.00","73.47","payout","txn_1PW9pFGtEGgLrOjaUxsG0pqS","STRIPE PAYOUT","2024-07-01 00:00:00","paid",,,"bank_account","STRIPE PAYOUT","ba_1CQ93zGtEGgLrOjalSDfxqij","STRIPE-5IHQGUKU","supported",
"po_1PWUeTGtEGgLrOjalVgQsim9","2024-07-02 00:00:00","2024-07-02 01:00:00","gbp","169.37","0.00","169.37","payout","txn_1PWUeaGtEGgLrOjaTbsubub5","STRIPE PAYOUT","2024-07-02 00:00:00","paid",,,"bank_account","STRIPE PAYOUT","ba_1CQ93zGtEGgLrOjalSDfxqij","STRIPE-OZINRI7J","supported",
"po_1PXaO1GtEGgLrOjaLZFzmJ7L","2024-07-03 00:00:00","2024-07-03 01:00:00","gbp","-20.35","0.00","-20.35","payout","txn_1PXaO1GtEGgLrOjaXauMZJ3r","STRIPE PAYOUT","2024-07-03 00:00:00","paid",,,"bank_account","STRIPE PAYOUT","ba_1CQ93zGtEGgLrOjalSDfxqij","STRIPE-FKXO7MXBXHV","supported",
"po_1PXwOyGtEGgLrOjavLDVBWQP","2024-07-04 00:00:00","2024-07-04 01:00:00","gbp","321.01","0.00","321.01","payout","txn_1PXwOyGtEGgLrOja51k29MBs","STRIPE PAYOUT","2024-07-04 00:00:00","paid",,,"bank_account","STRIPE PAYOUT","ba_1CQ93zGtEGgLrOjalSDfxqij","STRIPE-CQXB9DRB","supported",
"po_1PYiS6GtEGgLrOjaiKLzSvzc","2024-07-08 00:00:00","2024-07-08 01:00:00","gbp","39.00","0.00","39.00","payout","txn_1PYiS6GtEGgLrOjaMNx2ASWg","STRIPE PAYOUT","2024-07-08 00:00:00","paid",,,"bank_account","STRIPE PAYOUT","ba_1CQ93zGtEGgLrOjalSDfxqij","STRIPE-WFXSDPAJ","supported",
"po_1Pa7wCGtEGgLrOjag7JlQhf2","2024-07-10 00:00:00","2024-07-10 01:00:00","gbp","14.57","0.00","14.57","payout","txn_1Pa7wCGtEGgLrOjaiGCs2fbb","STRIPE PAYOUT","2024-07-10 00:00:00","paid",,,"bank_account","STRIPE PAYOUT","ba_1CQ93zGtEGgLrOjalSDfxqij","STRIPE-XES7N8NE","supported",
"po_1PaTjGGtEGgLrOjaeg5Po8Dt","2024-07-11 00:00:00","2024-07-11 01:00:00","gbp","292.49","0.00","292.49","payout","txn_1PaTjHGtEGgLrOjaimPkOPlU","STRIPE PAYOUT","2024-07-11 00:00:00","paid",,,"bank_account","STRIPE PAYOUT","ba_1CQ93zGtEGgLrOjalSDfxqij","STRIPE-QBWZHSDF","supported",
"po_1PbZA1GtEGgLrOjaV1xgzFE4","2024-07-16 00:00:00","2024-07-16 01:00:00","gbp","34.07","0.00","34.07","payout","txn_1PbZA1GtEGgLrOjac1iaUQ5h","STRIPE PAYOUT","2024-07-16 00:00:00","paid",,,"bank_account","STRIPE PAYOUT","ba_1CQ93zGtEGgLrOjalSDfxqij","STRIPE-RTOL7H0G","supported",
"po_1Pceg7GtEGgLrOjan6jPX6WT","2024-07-17 00:00:00","2024-07-17 01:00:00","gbp","19.33","0.00","19.33","payout","txn_1Pceg7GtEGgLrOja6aXAgBHq","STRIPE PAYOUT","2024-07-17 00:00:00","paid",,,"bank_account","STRIPE PAYOUT","ba_1CQ93zGtEGgLrOjalSDfxqij","STRIPE-GNNRWLM0","supported",
"po_1Pd0sMGtEGgLrOjaAaxTVRgP","2024-07-18 00:00:00","2024-07-18 01:00:00","gbp","154.94","0.00","154.94","payout","txn_1Pd0sNGtEGgLrOjahixw2p69","STRIPE PAYOUT","2024-07-18 00:00:00","paid",,,"bank_account","STRIPE PAYOUT","ba_1CQ93zGtEGgLrOjalSDfxqij","STRIPE-SWB9823U","supported",
"po_1PdmiBGtEGgLrOja0B7gXc9R","2024-07-22 00:00:00","2024-07-22 01:00:00","gbp","58.90","0.00","58.90","payout","txn_1PdmiBGtEGgLrOja3ctXUObe","STRIPE PAYOUT","2024-07-22 00:00:00","paid",,,"bank_account","STRIPE PAYOUT","ba_1CQ93zGtEGgLrOjalSDfxqij","STRIPE-0IEQIN3R","supported",
"po_1Pe6k5GtEGgLrOjaL0OmqdZe","2024-07-23 00:00:00","2024-07-23 01:00:00","gbp","43.92","0.00","43.92","payout","txn_1Pe6k5GtEGgLrOjaZYDMEfxt","STRIPE PAYOUT","2024-07-23 00:00:00","paid",,,"bank_account","STRIPE PAYOUT","ba_1CQ93zGtEGgLrOjalSDfxqij","STRIPE-8LJVNLQG","supported",
"po_1PfCOdGtEGgLrOjaSxQNfMz0","2024-07-24 00:00:00","2024-07-24 01:00:00","gbp","73.07","0.00","73.07","payout","txn_1PfCOdGtEGgLrOjaTEew1Cb2","STRIPE PAYOUT","2024-07-24 00:00:00","paid",,,"bank_account","STRIPE PAYOUT","ba_1CQ93zGtEGgLrOjalSDfxqij","STRIPE-R8W2OPNP","supported",
"po_1PfYDpGtEGgLrOjaEKXmli3h","2024-07-25 00:00:00","2024-07-25 01:00:00","gbp","242.86","0.00","242.86","payout","txn_1PfYDpGtEGgLrOjaPg3iG8eS","STRIPE PAYOUT","2024-07-25 00:00:00","paid",,,"bank_account","STRIPE PAYOUT","ba_1CQ93zGtEGgLrOjalSDfxqij","STRIPE-RWKMLRWG","supported",
"po_1Pge6KGtEGgLrOja0Motvbjt","2024-07-30 00:00:00","2024-07-30 01:00:00","gbp","9.65","0.00","9.65","payout","txn_1Pge6KGtEGgLrOjakUzDbp30","STRIPE PAYOUT","2024-07-30 00:00:00","paid",,,"bank_account","STRIPE PAYOUT","ba_1CQ93zGtEGgLrOjalSDfxqij","STRIPE-RK0JQSTB","supported",
"po_1PhjRfGtEGgLrOjaEPQiq42Y","2024-07-31 00:00:00","2024-07-31 01:00:00","gbp","87.75","0.00","87.75","payout","txn_1PhjRfGtEGgLrOja6H46LDWX","STRIPE PAYOUT","2024-07-31 00:00:00","paid",,,"bank_account","STRIPE PAYOUT","ba_1CQ93zGtEGgLrOjalSDfxqij","STRIPE-SNVPHXQZ","supported",
"po_1Pi5ggGtEGgLrOjam9zZSWp8","2024-08-01 00:00:00","2024-08-01 01:00:00","gbp","48.48","0.00","48.48","payout","txn_1Pi5ghGtEGgLrOjagVOOTSHm","STRIPE PAYOUT","2024-08-01 00:00:00","paid",,,"bank_account","STRIPE PAYOUT","ba_1CQ93zGtEGgLrOjalSDfxqij","STRIPE-67O06HTK","supported",
"po_1PirEzGtEGgLrOjamZzZBqkY","2024-08-05 00:00:00","2024-08-05 01:00:00","gbp","58.90","0.00","58.90","payout","txn_1PirF0GtEGgLrOjasoYXN6ed","STRIPE PAYOUT","2024-08-05 00:00:00","paid",,,"bank_account","STRIPE PAYOUT","ba_1CQ93zGtEGgLrOjalSDfxqij","STRIPE-VRRMZV5V","supported",
"po_1PjBSwGtEGgLrOjaHzSb1N2t","2024-08-06 00:00:00","2024-08-06 01:00:00","gbp","19.15","0.00","19.15","payout","txn_1PjBSwGtEGgLrOjaq0adTCXb","STRIPE PAYOUT","2024-08-06 00:00:00","paid",,,"bank_account","STRIPE PAYOUT","ba_1CQ93zGtEGgLrOjalSDfxqij","STRIPE-WEEONWZC","supported",
"po_1PkHHwGtEGgLrOjaLWo85JTR","2024-08-07 00:00:00","2024-08-07 01:00:00","gbp","58.90","0.00","58.90","payout","txn_1PkHHwGtEGgLrOjaFymg9L0S","STRIPE PAYOUT","2024-08-07 00:00:00","paid",,,"bank_account","STRIPE PAYOUT","ba_1CQ93zGtEGgLrOjalSDfxqij","STRIPE-MKVOHPKM","supported",
"po_1PkcxaGtEGgLrOja063czdyt","2024-08-08 00:00:00","2024-08-08 01:00:00","gbp","87.09","0.00","87.09","payout","txn_1PkcxaGtEGgLrOjaY3ATNVyv","STRIPE PAYOUT","2024-08-08 00:00:00","paid",,,"bank_account","STRIPE PAYOUT","ba_1CQ93zGtEGgLrOjalSDfxqij","STRIPE-LDR51TQ6","supported",
"po_1PlOp1GtEGgLrOjaIeguB5u3","2024-08-12 00:00:00","2024-08-12 01:00:00","gbp","73.47","0.00","73.47","payout","txn_1PlOp1GtEGgLrOjawLPiXIch","STRIPE PAYOUT","2024-08-12 00:00:00","paid",,,"bank_account","STRIPE PAYOUT","ba_1CQ93zGtEGgLrOjalSDfxqij","STRIPE-HGBQSONI","supported",
"po_1PmoHsGtEGgLrOjashCGoa7Q","2024-08-14 00:00:00","2024-08-14 01:00:00","gbp","68.18","0.00","68.18","payout","txn_1PmoHtGtEGgLrOjaGEwCkLLM","STRIPE PAYOUT","2024-08-14 00:00:00","paid",,,"bank_account","STRIPE PAYOUT","ba_1CQ93zGtEGgLrOjalSDfxqij","STRIPE-CQSIAPBC","supported",
"po_1PnAOkGtEGgLrOja9nWe8lK1","2024-08-15 00:00:00","2024-08-15 01:00:00","gbp","204.25","0.00","204.25","payout","txn_1PnAOlGtEGgLrOjaDC74Pfsf","STRIPE PAYOUT","2024-08-15 00:00:00","paid",,,"bank_account","STRIPE PAYOUT","ba_1CQ93zGtEGgLrOjalSDfxqij","STRIPE-YEIUUJ8B","supported",
"po_1PnXFnGtEGgLrOjaLDbL8YSc","2024-08-16 00:00:00","2024-08-16 01:00:00","gbp","43.90","0.00","43.90","payout","txn_1PnXFoGtEGgLrOjaS021LdSb","STRIPE PAYOUT","2024-08-16 00:00:00","paid",,,"bank_account","STRIPE PAYOUT","ba_1CQ93zGtEGgLrOjalSDfxqij","STRIPE-Y2UAXHDL","supported",
"po_1Pny2OGtEGgLrOja6EKHzOUl","2024-08-19 00:00:00","2024-08-19 01:00:00","gbp","14.57","0.00","14.57","payout","txn_1Pny2OGtEGgLrOjaX9C5xjAP","STRIPE PAYOUT","2024-08-19 00:00:00","paid",,,"bank_account","STRIPE PAYOUT","ba_1CQ93zGtEGgLrOjalSDfxqij","STRIPE-6Y16DL2R","supported",
"po_1PpM0UGtEGgLrOjaN9byAVpF","2024-08-21 00:00:00","2024-08-21 01:00:00","gbp","48.85","0.00","48.85","payout","txn_1PpM0VGtEGgLrOjaibdDe5ty","STRIPE PAYOUT","2024-08-21 00:00:00","paid",,,"bank_account","STRIPE PAYOUT","ba_1CQ93zGtEGgLrOjalSDfxqij","STRIPE-RZ8NTYIQ","supported",
"po_1PphWXGtEGgLrOjaqs5d00yb","2024-08-22 00:00:00","2024-08-22 01:00:00","gbp","116.37","0.00","116.37","payout","txn_1PphWYGtEGgLrOjaIcnUdX28","STRIPE PAYOUT","2024-08-22 00:00:00","paid",,,"bank_account","STRIPE PAYOUT","ba_1CQ93zGtEGgLrOjalSDfxqij","STRIPE-PHWVRKEO","supported",
"po_1Pq5niGtEGgLrOjaTKGBGe6u","2024-08-23 00:00:00","2024-08-23 01:00:00","gbp","14.57","0.00","14.57","payout","txn_1Pq5njGtEGgLrOja3QL2vKwK","STRIPE PAYOUT","2024-08-23 00:00:00","paid",,,"bank_account","STRIPE PAYOUT","ba_1CQ93zGtEGgLrOjalSDfxqij","STRIPE-EIFZO0BT","supported",
"po_1PqR1eGtEGgLrOjaR5oMQLto","2024-08-27 00:00:00","2024-08-27 01:00:00","gbp","77.84","0.00","77.84","payout","txn_1PqR1eGtEGgLrOjaOW3xNLA7","STRIPE PAYOUT","2024-08-27 00:00:00","paid",,,"bank_account","STRIPE PAYOUT","ba_1CQ93zGtEGgLrOjalSDfxqij","STRIPE-VDFPPK2R","supported",
"po_1PqmeiGtEGgLrOjaM5Wi4DBC","2024-08-28 00:00:00","2024-08-28 01:00:00","gbp","9.65","0.00","9.65","payout","txn_1PqmeiGtEGgLrOjax7u46itX","STRIPE PAYOUT","2024-08-28 00:00:00","paid",,,"bank_account","STRIPE PAYOUT","ba_1CQ93zGtEGgLrOjalSDfxqij","STRIPE-6W76URVY","supported",
"po_1PsEY9GtEGgLrOja10TBvHcQ","2024-08-29 00:00:00","2024-08-29 01:00:00","gbp","48.85","0.00","48.85","payout","txn_1PsEY9GtEGgLrOjaNdF6KluM","STRIPE PAYOUT","2024-08-29 00:00:00","paid",,,"bank_account","STRIPE PAYOUT","ba_1CQ93zGtEGgLrOjalSDfxqij","STRIPE-E0KNSDKE","supported",
"po_1PsaokGtEGgLrOja3bp3IidU","2024-08-30 00:00:00","2024-08-30 01:00:00","gbp","314.20","0.00","314.20","payout","txn_1PsaolGtEGgLrOja6ZbJGSbn","STRIPE PAYOUT","2024-08-30 00:00:00","paid",,,"bank_account","STRIPE PAYOUT","ba_1CQ93zGtEGgLrOjalSDfxqij","STRIPE-UJOH9OL0","supported",
"po_1PuR0eGtEGgLrOjaKYI0DfSE","2024-09-04 00:00:00","2024-09-04 01:00:00","gbp","24.22","0.00","24.22","payout","txn_1PuR0eGtEGgLrOjaPP3fg6kk","STRIPE PAYOUT","2024-09-04 00:00:00","paid",,,"bank_account","STRIPE PAYOUT","ba_1CQ93zGtEGgLrOjalSDfxqij","STRIPE-OXKYI7SF","supported",
"po_1PumIGGtEGgLrOjavWMNmyMU","2024-09-05 00:00:00","2024-09-05 01:00:00","gbp","189.43","0.00","189.43","payout","txn_1PumIGGtEGgLrOjahCd2PSTU","STRIPE PAYOUT","2024-09-05 00:00:00","paid",,,"bank_account","STRIPE PAYOUT","ba_1CQ93zGtEGgLrOjalSDfxqij","STRIPE-IIQJWJNZ","supported",
"po_1PvsCPGtEGgLrOjaRUSpfdBl","2024-09-10 00:00:00","2024-09-10 01:00:00","gbp","14.57","0.00","14.57","payout","txn_1PvsCQGtEGgLrOjaFWYRAAsQ","STRIPE PAYOUT","2024-09-10 00:00:00","paid",,,"bank_account","STRIPE PAYOUT","ba_1CQ93zGtEGgLrOjalSDfxqij","STRIPE-QJDGQ4K8","supported",
"po_1Pwy6nGtEGgLrOjaFvTLg8zC","2024-09-11 00:00:00","2024-09-11 01:00:00","gbp","53.57","0.00","53.57","payout","txn_1Pwy6oGtEGgLrOjaR95FZGXi","STRIPE PAYOUT","2024-09-11 00:00:00","paid",,,"bank_account","STRIPE PAYOUT","ba_1CQ93zGtEGgLrOjalSDfxqij","STRIPE-QZPYVOFL","supported",
"po_1PxJtxGtEGgLrOjaVVSLzKWN","2024-09-12 00:00:00","2024-09-12 01:00:00","gbp","305.69","0.00","305.69","payout","txn_1PxJtyGtEGgLrOjaHs68ujNy","STRIPE PAYOUT","2024-09-12 00:00:00","paid",,,"bank_account","STRIPE PAYOUT","ba_1CQ93zGtEGgLrOjalSDfxqij","STRIPE-X3NGZT6M","supported",
"po_1Py3dyGtEGgLrOjakJbdgPgz","2024-09-16 00:00:00","2024-09-16 01:00:00","gbp","58.90","0.00","58.90","payout","txn_1Py3dyGtEGgLrOjaTxmFZ8OK","STRIPE PAYOUT","2024-09-16 00:00:00","paid",,,"bank_account","STRIPE PAYOUT","ba_1CQ93zGtEGgLrOjalSDfxqij","STRIPE-5USDR3ET","supported",
"po_1PyOckGtEGgLrOjacsQZ3dpG","2024-09-17 00:00:00","2024-09-17 01:00:00","gbp","48.44","0.00","48.44","payout","txn_1PyOclGtEGgLrOjaU8I1qmdN","STRIPE PAYOUT","2024-09-17 00:00:00","paid",,,"bank_account","STRIPE PAYOUT","ba_1CQ93zGtEGgLrOjalSDfxqij","STRIPE-IFCXXKWD","supported",
"po_1PzUEYGtEGgLrOjawv89qCLP","2024-09-18 00:00:00","2024-09-18 01:00:00","gbp","116.98","0.00","116.98","payout","txn_1PzUEZGtEGgLrOjaboNg5X1a","STRIPE PAYOUT","2024-09-18 00:00:00","paid",,,"bank_account","STRIPE PAYOUT","ba_1CQ93zGtEGgLrOjalSDfxqij","STRIPE-GXS3PUNV","supported",
"po_1Pzqb5GtEGgLrOjaAMitPkGB","2024-09-19 00:00:00","2024-09-19 01:00:00","gbp","189.44","0.00","189.44","payout","txn_1Pzqb6GtEGgLrOjas4MVU7Ah","STRIPE PAYOUT","2024-09-19 00:00:00","paid",,,"bank_account","STRIPE PAYOUT","ba_1CQ93zGtEGgLrOjalSDfxqij","STRIPE-GXOCGTAT","supported",
"po_1Q0cBfGtEGgLrOjaKCvTtFfo","2024-09-23 00:00:00","2024-09-23 01:00:00","gbp","58.90","0.00","58.90","payout","txn_1Q0cBfGtEGgLrOjaMHDs9C35","STRIPE PAYOUT","2024-09-23 00:00:00","paid",,,"bank_account","STRIPE PAYOUT","ba_1CQ93zGtEGgLrOjalSDfxqij","STRIPE-1VX3LWKX","supported",
"po_1Q222fGtEGgLrOjaX7y45Wnu","2024-09-25 00:00:00","2024-09-25 01:00:00","gbp","58.53","0.00","58.53","payout","txn_1Q222gGtEGgLrOjalN8UNl1m","STRIPE PAYOUT","2024-09-25 00:00:00","paid",,,"bank_account","STRIPE PAYOUT","ba_1CQ93zGtEGgLrOjalSDfxqij","STRIPE-K3TOSWOE","supported",
"po_1Q2NyrGtEGgLrOja67COY59F","2024-09-26 00:00:00","2024-09-26 01:00:00","gbp","291.65","0.00","291.65","payout","txn_1Q2NyrGtEGgLrOjaam7hUJqS","STRIPE PAYOUT","2024-09-26 00:00:00","paid",,,"bank_account","STRIPE PAYOUT","ba_1CQ93zGtEGgLrOjalSDfxqij","STRIPE-AQMCR7W8","supported",
"po_1Q38thGtEGgLrOjaswVnpNAq","2024-09-30 00:00:00","2024-09-30 01:00:00","gbp","402.05","0.00","402.05","payout","txn_1Q38thGtEGgLrOjaT7zM8A75","STRIPE PAYOUT","2024-09-30 00:00:00","paid",,,"bank_account","STRIPE PAYOUT","ba_1CQ93zGtEGgLrOjalSDfxqij","STRIPE-0JHA2KBV","supported",
"po_1Q3TgoGtEGgLrOjaz8gXWVTU","2024-10-01 00:00:00","2024-10-01 01:00:00","gbp","9.65","0.00","9.65","payout","txn_1Q3TgoGtEGgLrOjaKvrBiBjl","STRIPE PAYOUT","2024-10-01 00:00:00","paid",,,"bank_account","STRIPE PAYOUT","ba_1CQ93zGtEGgLrOjalSDfxqij","STRIPE-JN54ZSCM","supported",
"po_1Q4aGgGtEGgLrOjaaNc73Zhu","2024-10-02 00:00:00","2024-10-02 01:00:00","gbp","9.68","0.00","9.68","payout","txn_1Q4aGgGtEGgLrOjaczvPL1aZ","STRIPE PAYOUT","2024-10-02 00:00:00","paid",,,"bank_account","STRIPE PAYOUT","ba_1CQ93zGtEGgLrOjalSDfxqij","STRIPE-PHZTIQAI","supported",
"po_1Q4w7FGtEGgLrOjaBOMySZRT","2024-10-03 00:00:00","2024-10-03 01:00:00","gbp","429.07","0.00","429.07","payout","txn_1Q4w7GGtEGgLrOjaDYI40ojv","STRIPE PAYOUT","2024-10-03 00:00:00","paid",,,"bank_account","STRIPE PAYOUT","ba_1CQ93zGtEGgLrOjalSDfxqij","STRIPE-YXB9FFKM","supported",
"po_1Q5KLfGtEGgLrOjaJfAKrhUB","2024-10-04 00:00:00","2024-10-04 01:00:00","gbp","14.57","0.00","14.57","payout","txn_1Q5KLfGtEGgLrOja9rcNw3HD","STRIPE PAYOUT","2024-10-04 00:00:00","paid",,,"bank_account","STRIPE PAYOUT","ba_1CQ93zGtEGgLrOjalSDfxqij","STRIPE-4OPTCJA1","supported",
"po_1Q76HiGtEGgLrOjaUC2c1W3O","2024-10-09 00:00:00","2024-10-09 01:00:00","gbp","53.57","0.00","53.57","payout","txn_1Q76HiGtEGgLrOjaChNypfhA","STRIPE PAYOUT","2024-10-09 00:00:00","paid",,,"bank_account","STRIPE PAYOUT","ba_1CQ93zGtEGgLrOjalSDfxqij","STRIPE-K3DYEGIH","supported",
"po_1Q7SfbGtEGgLrOjaDt8WhrC3","2024-10-10 00:00:00","2024-10-10 01:00:00","gbp","311.75","0.00","311.75","payout","txn_1Q7SfcGtEGgLrOjaEAc2bEYp","STRIPE PAYOUT","2024-10-10 00:00:00","paid",,,"bank_account","STRIPE PAYOUT","ba_1CQ93zGtEGgLrOjalSDfxqij","STRIPE-7NUZV5NE","supported",
"po_1Q8EMsGtEGgLrOjamkPYhNH5","2024-10-14 00:00:00","2024-10-14 01:00:00","gbp","-30.00","0.00","-30.00","payout","txn_1Q8EMtGtEGgLrOja4uPj94qF","STRIPE PAYOUT","2024-10-14 00:00:00","paid",,,"bank_account","STRIPE PAYOUT","ba_1CQ93zGtEGgLrOjalSDfxqij","STRIPE-FKXO7MXBXHV","supported",
"po_1Q8XugGtEGgLrOjalMMBFbCU","2024-10-15 00:00:00","2024-10-15 01:00:00","gbp","14.57","0.00","14.57","payout","txn_1Q8XuhGtEGgLrOja365zJQwx","STRIPE PAYOUT","2024-10-15 00:00:00","paid",,,"bank_account","STRIPE PAYOUT","ba_1CQ93zGtEGgLrOjalSDfxqij","STRIPE-YY5GIKGE","supported",
"po_1Q9fzFGtEGgLrOjaHIJj5PXW","2024-10-16 00:00:00","2024-10-16 01:00:00","gbp","33.87","0.00","33.87","payout","txn_1Q9fzFGtEGgLrOjaV2NWLaZQ","STRIPE PAYOUT","2024-10-16 00:00:00","paid",,,"bank_account","STRIPE PAYOUT","ba_1CQ93zGtEGgLrOjalSDfxqij","STRIPE-UYME7VVB","supported",
"po_1QA0RmGtEGgLrOja97FiwO44","2024-10-17 00:00:00","2024-10-17 01:00:00","gbp","111.03","0.00","111.03","payout","txn_1QA0RmGtEGgLrOjaJGXYoHVX","STRIPE PAYOUT","2024-10-17 00:00:00","paid",,,"bank_account","STRIPE PAYOUT","ba_1CQ93zGtEGgLrOjalSDfxqij","STRIPE-MIDM4E6G","supported",
"po_1QCWoWGtEGgLrOjaMAijuYUd","2024-10-22 01:23:12","2024-10-22 02:23:12","gbp","24.22","0.00","24.22","payout","txn_1QCWoXGtEGgLrOjad6odwAz2","STRIPE PAYOUT","2024-10-22 00:00:00","paid",,,"bank_account","STRIPE PAYOUT","ba_1CQ93zGtEGgLrOjalSDfxqij","STRIPE-A2NHR3EA","supported",
"po_1QCtXrGtEGgLrOjav7jYisHp","2024-10-23 01:39:32","2024-10-23 02:39:32","gbp","38.79","0.00","38.79","payout","txn_1QCtXsGtEGgLrOjaTn8WRncK","STRIPE PAYOUT","2024-10-23 00:00:00","paid",,,"bank_account","STRIPE PAYOUT","ba_1CQ93zGtEGgLrOjalSDfxqij","STRIPE-U5MKWT8V","supported",
"po_1QDFfkGtEGgLrOjavPpSTLQc","2024-10-24 01:17:08","2024-10-24 02:17:08","gbp","131.01","0.00","131.01","payout","txn_1QDFflGtEGgLrOjaP2QNtXCG","STRIPE PAYOUT","2024-10-24 00:00:00","paid",,,"bank_account","STRIPE PAYOUT","ba_1CQ93zGtEGgLrOjalSDfxqij","STRIPE-AIXXIQZF","supported",
"po_1QEhvRGtEGgLrOjarUf2Hgbu","2024-10-28 01:39:21","2024-10-28 01:39:21","gbp","68.55","0.00","68.55","payout","txn_1QEhvSGtEGgLrOjavQEWY75J","STRIPE PAYOUT","2024-10-28 00:00:00","paid",,,"bank_account","STRIPE PAYOUT","ba_1CQ93zGtEGgLrOjalSDfxqij","STRIPE-WTFFWX6C","supported",
"po_1QF42dGtEGgLrOjaKdRv5pdZ","2024-10-29 01:16:15","2024-10-29 01:16:15","gbp","9.47","0.00","9.47","payout","txn_1QF42eGtEGgLrOjao32pOSrs","STRIPE PAYOUT","2024-10-29 00:00:00","paid",,,"bank_account","STRIPE PAYOUT","ba_1CQ93zGtEGgLrOjalSDfxqij","STRIPE-NDIQ0ZIJ","supported",
"po_1QFQa0GtEGgLrOjauxpyYrwd","2024-10-30 01:20:12","2024-10-30 01:20:12","gbp","77.80","0.00","77.80","payout","txn_1QFQa1GtEGgLrOjaXdeZvLrT","STRIPE PAYOUT","2024-10-30 00:00:00","paid",,,"bank_account","STRIPE PAYOUT","ba_1CQ93zGtEGgLrOjalSDfxqij","STRIPE-1JZEHWTS","supported",
"po_1QFn9eGtEGgLrOjaxuzF9NMX","2024-10-31 01:26:30","2024-10-31 01:26:30","gbp","141.82","0.00","141.82","payout","txn_1QFn9fGtEGgLrOjab3btDO2v","STRIPE PAYOUT","2024-10-31 00:00:00","paid",,,"bank_account","STRIPE PAYOUT","ba_1CQ93zGtEGgLrOjalSDfxqij","STRIPE-Q5U5VKIT","supported",
"po_1QG9h8GtEGgLrOjaE0AM1rJP","2024-11-01 01:30:34","2024-11-01 01:30:34","gbp","14.57","0.00","14.57","payout","txn_1QG9h9GtEGgLrOja5Qzuyl6B","STRIPE PAYOUT","2024-11-01 00:00:00","paid",,,"bank_account","STRIPE PAYOUT","ba_1CQ93zGtEGgLrOjalSDfxqij","STRIPE-WJFYYJHW","supported",
"po_1QHFLOGtEGgLrOja2iObDrsY","2024-11-04 01:44:38","2024-11-04 01:44:38","gbp","443.82","0.00","443.82","payout","txn_1QHFLPGtEGgLrOjabnZZS6AX","STRIPE PAYOUT","2024-11-04 00:00:00","paid",,,"bank_account","STRIPE PAYOUT","ba_1CQ93zGtEGgLrOjalSDfxqij","STRIPE-K9IR0MWN","supported",
"po_1QHbQmGtEGgLrOjaZ5lT16Gw","2024-11-05 01:19:40","2024-11-05 01:19:40","gbp","29.15","0.00","29.15","payout","txn_1QHbQmGtEGgLrOjaBfQP45yG","STRIPE PAYOUT","2024-11-05 00:00:00","paid",,,"bank_account","STRIPE PAYOUT","ba_1CQ93zGtEGgLrOjalSDfxqij","STRIPE-WCTGMVKH","supported",
"po_1QHxq1GtEGgLrOjaBSly6Nwq","2024-11-06 01:15:13","2024-11-06 01:15:13","gbp","37.23","0.00","37.23","payout","txn_1QHxq2GtEGgLrOjae2fh7Lwo","STRIPE PAYOUT","2024-11-06 00:00:00","paid",,,"bank_account","STRIPE PAYOUT","ba_1CQ93zGtEGgLrOjalSDfxqij","STRIPE-GKG1291Y","supported",
"po_1QIK9EGtEGgLrOjapC9r8CDR","2024-11-07 01:04:33","2024-11-07 01:04:33","gbp","183.80","0.00","183.80","payout","txn_1QIK9FGtEGgLrOjac1Q3SBnv","STRIPE PAYOUT","2024-11-07 00:00:00","paid",,,"bank_account","STRIPE PAYOUT","ba_1CQ93zGtEGgLrOjalSDfxqij","STRIPE-HMAKSXNM","supported",
"po_1QJmUMGtEGgLrOja59Hy9VHz","2024-11-11 01:32:22","2024-11-11 01:32:22","gbp","88.04","0.00","88.04","payout","txn_1QJmUNGtEGgLrOjaTJupwQ9g","STRIPE PAYOUT","2024-11-11 00:00:00","paid",,,"bank_account","STRIPE PAYOUT","ba_1CQ93zGtEGgLrOjalSDfxqij","STRIPE-LB2XF6XS","supported",
"po_1QKVUIGtEGgLrOjatHk4hKqW","2024-11-13 01:35:18","2024-11-13 01:35:18","gbp","62.58","0.00","62.58","payout","txn_1QKVUJGtEGgLrOja5j7MYBba","STRIPE PAYOUT","2024-11-13 00:00:00","paid",,,"bank_account","STRIPE PAYOUT","ba_1CQ93zGtEGgLrOjalSDfxqij","STRIPE-GY5KR59F","supported",
"po_1QKrs2GtEGgLrOjaAqoDdvxO","2024-11-14 01:29:18","2024-11-14 01:29:18","gbp","184.91","0.00","184.91","payout","txn_1QKrs3GtEGgLrOjavLObRpvb","STRIPE PAYOUT","2024-11-14 00:00:00","paid",,,"bank_account","STRIPE PAYOUT","ba_1CQ93zGtEGgLrOjalSDfxqij","STRIPE-LJVKBO0S","supported",
"po_1QLETuGtEGgLrOjavPi4Op20","2024-11-15 01:37:54","2024-11-15 01:37:54","gbp","9.65","0.00","9.65","payout","txn_1QLETvGtEGgLrOjarL5tYvjU","STRIPE PAYOUT","2024-11-15 00:00:00","paid",,,"bank_account","STRIPE PAYOUT","ba_1CQ93zGtEGgLrOjalSDfxqij","STRIPE-G3IUTC2V","supported",
"po_1QMJzsGtEGgLrOja8PUa4zkC","2024-11-18 01:43:24","2024-11-18 01:43:24","gbp","58.90","0.00","58.90","payout","txn_1QMJztGtEGgLrOjaXauY04wG","STRIPE PAYOUT","2024-11-18 00:00:00","paid",,,"bank_account","STRIPE PAYOUT","ba_1CQ93zGtEGgLrOjalSDfxqij","STRIPE-4OSE9KQ1","supported",
"po_1QN2v0GtEGgLrOja2oNBoJYd","2024-11-20 01:41:22","2024-11-20 01:41:22","gbp","82.72","0.00","82.72","payout","txn_1QN2v0GtEGgLrOjaOGydhuSM","STRIPE PAYOUT","2024-11-20 00:00:00","paid",,,"bank_account","STRIPE PAYOUT","ba_1CQ93zGtEGgLrOjalSDfxqij","STRIPE-EUTSUZMB","supported",
"po_1QNOyoGtEGgLrOjaeWZRyq3y","2024-11-21 01:14:46","2024-11-21 01:14:46","gbp","38.60","0.00","38.60","payout","txn_1QNOyoGtEGgLrOjaodzblB12","STRIPE PAYOUT","2024-11-21 00:00:00","paid",,,"bank_account","STRIPE PAYOUT","ba_1CQ93zGtEGgLrOjalSDfxqij","STRIPE-XLUWBWBX","supported",
"po_1QNlabGtEGgLrOjaaEC7jqjz","2024-11-22 01:23:17","2024-11-22 01:23:17","gbp","19.12","0.00","19.12","payout","txn_1QNlacGtEGgLrOjayg3WgswV","STRIPE PAYOUT","2024-11-22 00:00:00","paid",,,"bank_account","STRIPE PAYOUT","ba_1CQ93zGtEGgLrOjalSDfxqij","STRIPE-YTVGOTKC","supported",
"po_1QOrIvGtEGgLrOjagi8CvniR","2024-11-25 01:41:33","2024-11-25 01:41:33","gbp","58.90","0.00","58.90","payout","txn_1QOrIwGtEGgLrOjazbx7F1Ls","STRIPE PAYOUT","2024-11-25 00:00:00","paid",,,"bank_account","STRIPE PAYOUT","ba_1CQ93zGtEGgLrOjalSDfxqij","STRIPE-E5HQRM2Z","supported",
"po_1QPDxtGtEGgLrOjah2LS5Mml","2024-11-26 01:53:21","2024-11-26 01:53:21","gbp","14.57","0.00","14.57","payout","txn_1QPDxuGtEGgLrOjaJZYJEYRd","STRIPE PAYOUT","2024-11-26 00:00:00","paid",,,"bank_account","STRIPE PAYOUT","ba_1CQ93zGtEGgLrOjalSDfxqij","STRIPE-APATFNB1","supported",
"po_1QPa5CGtEGgLrOja05UgcEYh","2024-11-27 01:30:22","2024-11-27 01:30:22","gbp","43.52","0.00","43.52","payout","txn_1QPa5DGtEGgLrOjawSB2Jx4o","STRIPE PAYOUT","2024-11-27 00:00:00","paid",,,"bank_account","STRIPE PAYOUT","ba_1CQ93zGtEGgLrOjalSDfxqij","STRIPE-1B69GXHH","supported",
"po_1QPw9KGtEGgLrOja9lejAwDP","2024-11-28 01:04:06","2024-11-28 01:04:06","gbp","184.42","0.00","184.42","payout","txn_1QPw9LGtEGgLrOjaiw0pHfIS","STRIPE PAYOUT","2024-11-28 00:00:00","paid",,,"bank_account","STRIPE PAYOUT","ba_1CQ93zGtEGgLrOjalSDfxqij","STRIPE-FPB3DYOQ","supported",
"po_1QQIzBGtEGgLrOjaecfTgcJS","2024-11-29 01:27:09","2024-11-29 01:27:09","gbp","14.57","0.00","14.57","payout","txn_1QQIzCGtEGgLrOja5Ud5QITy","STRIPE PAYOUT","2024-11-29 00:00:00","paid",,,"bank_account","STRIPE PAYOUT","ba_1CQ93zGtEGgLrOjalSDfxqij","STRIPE-TDO0P4DE","supported",
"po_1QROYbGtEGgLrOjay7hs3Ic9","2024-12-02 01:36:13","2024-12-02 01:36:13","gbp","58.90","0.00","58.90","payout","txn_1QROYcGtEGgLrOjaKSzno1d3","STRIPE PAYOUT","2024-12-02 00:00:00","paid",,,"bank_account","STRIPE PAYOUT","ba_1CQ93zGtEGgLrOjalSDfxqij","STRIPE-XLVMPFIO","supported",
"po_1QSTQYGtEGgLrOja5cF2VKHZ","2024-12-05 01:00:22","2024-12-05 01:00:22","gbp","223.93","0.00","223.93","payout","txn_1QSTQZGtEGgLrOjayLqUfKtT","STRIPE PAYOUT","2024-12-05 00:00:00","paid",,,"bank_account","STRIPE PAYOUT","ba_1CQ93zGtEGgLrOjalSDfxqij","STRIPE-DTB49NYI","supported",
"po_1QTvngGtEGgLrOja0sbyQk5z","2024-12-09 01:30:16","2024-12-09 01:30:16","gbp","19.50","0.00","19.50","payout","txn_1QTvnhGtEGgLrOjawJYtAwDn","STRIPE PAYOUT","2024-12-09 00:00:00","paid",,,"bank_account","STRIPE PAYOUT","ba_1CQ93zGtEGgLrOjalSDfxqij","STRIPE-KTAETTIY","supported",
"po_1QUHKFGtEGgLrOjajXiylVIw","2024-12-10 00:29:19","2024-12-10 00:29:19","gbp","-20.00","0.00","-20.00","payout","txn_1QUHKGGtEGgLrOjaZWEjRgj2","STRIPE PAYOUT","2024-12-12 00:00:00","paid",,,"bank_account","STRIPE PAYOUT","ba_1CQ93zGtEGgLrOjalSDfxqij","STRIPE-FKXO7MXBXHV","supported",
"po_1QUdT5GtEGgLrOjajGQay19G","2024-12-11 00:07:55","2024-12-11 00:07:55","gbp","38.60","0.00","38.60","payout","txn_1QUdT6GtEGgLrOjaSLVYqrqI","STRIPE PAYOUT","2024-12-11 00:00:00","paid",,,"bank_account","STRIPE PAYOUT","ba_1CQ93zGtEGgLrOjalSDfxqij","STRIPE-MKZMCZHH","supported",
"po_1QUzs9GtEGgLrOja82T6oiVY","2024-12-12 00:03:17","2024-12-12 00:03:17","gbp","268.65","0.00","268.65","payout","txn_1QUzsAGtEGgLrOjalz7SkfS3","STRIPE PAYOUT","2024-12-12 00:00:00","paid",,,"bank_account","STRIPE PAYOUT","ba_1CQ93zGtEGgLrOjalSDfxqij","STRIPE-WHR3BVPX","supported",
"po_1QVMVyGtEGgLrOjaimc39eoz","2024-12-13 00:13:54","2024-12-13 00:13:54","gbp","58.90","0.00","58.90","payout","txn_1QVMVzGtEGgLrOjaEBP3ayzk","STRIPE PAYOUT","2024-12-13 00:00:00","paid",,,"bank_account","STRIPE PAYOUT","ba_1CQ93zGtEGgLrOjalSDfxqij","STRIPE-S2GKMRWO","supported",
"po_1QWS7WGtEGgLrOjaaPunOsSa","2024-12-16 00:25:11","2024-12-16 00:25:11","gbp","58.90","0.00","58.90","payout","txn_1QWS7XGtEGgLrOjaogT6LsNX","STRIPE PAYOUT","2024-12-16 00:00:00","paid",,,"bank_account","STRIPE PAYOUT","ba_1CQ93zGtEGgLrOjalSDfxqij","STRIPE-IGHYHC1Q","supported",
"po_1QXB9DGtEGgLrOjaYWeIOMgS","2024-12-18 00:29:55","2024-12-18 00:29:55","gbp","19.30","0.00","19.30","payout","txn_1QXB9EGtEGgLrOja3JadOtC0","STRIPE PAYOUT","2024-12-18 00:00:00","paid",,,"bank_account","STRIPE PAYOUT","ba_1CQ93zGtEGgLrOjalSDfxqij","STRIPE-NMMSEKGT","supported",
"po_1QXXGcGtEGgLrOjalchr60LQ","2024-12-19 00:07:02","2024-12-19 00:07:02","gbp","68.15","0.00","68.15","payout","txn_1QXXGdGtEGgLrOjao2BfpQJz","STRIPE PAYOUT","2024-12-19 00:00:00","paid",,,"bank_account","STRIPE PAYOUT","ba_1CQ93zGtEGgLrOjalSDfxqij","STRIPE-RZAJL93E","supported",
"po_1QYzJcGtEGgLrOjaO4pBKrZj","2024-12-23 00:16:09","2024-12-23 00:16:09","gbp","58.90","0.00","58.90","payout","txn_1QYzJdGtEGgLrOjaABh3w6ga","STRIPE PAYOUT","2024-12-23 00:00:00","paid",,,"bank_account","STRIPE PAYOUT","ba_1CQ93zGtEGgLrOjalSDfxqij","STRIPE-ZLLEWSDN","supported",
"po_1QZLnxGtEGgLrOjapRoZiRTr","2024-12-24 00:16:57","2024-12-24 00:16:57","gbp","49.05","0.00","49.05","payout","txn_1QZLnyGtEGgLrOjaC5Goj7MU","STRIPE PAYOUT","2024-12-24 00:00:00","paid",,,"bank_account","STRIPE PAYOUT","ba_1CQ93zGtEGgLrOjalSDfxqij","STRIPE-UIZNZNGS","supported",
"po_1QaR9FGtEGgLrOjaIueUjCVh","2024-12-27 00:11:25","2024-12-27 00:11:25","gbp","19.30","0.00","19.30","payout","txn_1QaR9FGtEGgLrOjaj2MR37Ut","STRIPE PAYOUT","2024-12-27 00:00:00","paid",,,"bank_account","STRIPE PAYOUT","ba_1CQ93zGtEGgLrOjalSDfxqij","STRIPE-5XRHZATP","supported",
"po_1QbWQoGtEGgLrOjazUx4cwqX","2024-12-30 00:02:02","2024-12-30 00:02:02","gbp","48.85","0.00","48.85","payout","txn_1QbWQpGtEGgLrOjarPHvRuzT","STRIPE PAYOUT","2024-12-30 00:00:00","paid",,,"bank_account","STRIPE PAYOUT","ba_1CQ93zGtEGgLrOjalSDfxqij","STRIPE-RKPIURS9","supported",
"po_1QcyitGtEGgLrOjaZX731ktX","2025-01-03 00:26:43","2025-01-03 00:26:43","gbp","14.57","0.00","14.57","payout","txn_1QcyiuGtEGgLrOjaLSocaRF9","STRIPE PAYOUT","2025-01-03 00:00:00","paid",,,"bank_account","STRIPE PAYOUT","ba_1CQ93zGtEGgLrOjalSDfxqij","STRIPE-PF6EFIKP","supported",
"po_1Qe42mGtEGgLrOjaQy6YevtR","2025-01-06 00:19:44","2025-01-06 00:19:44","gbp","9.65","0.00","9.65","payout","txn_1Qe42nGtEGgLrOjamKXZUEoG","STRIPE PAYOUT","2025-01-06 00:00:00","paid",,,"bank_account","STRIPE PAYOUT","ba_1CQ93zGtEGgLrOjalSDfxqij","STRIPE-X7BRHYCU","supported",
"po_1QeQZ9GtEGgLrOjalwdptACh","2025-01-07 00:22:40","2025-01-07 00:22:40","gbp","33.87","0.00","33.87","payout","txn_1QeQZBGtEGgLrOja2R31vyVt","STRIPE PAYOUT","2025-01-07 00:00:00","paid",,,"bank_account","STRIPE PAYOUT","ba_1CQ93zGtEGgLrOjalSDfxqij","STRIPE-3ZODGRWF","supported",
"po_1QemuWGtEGgLrOjaAV4ALvJS","2025-01-08 00:14:12","2025-01-08 00:14:12","gbp","18.95","0.00","18.95","payout","txn_1QemuXGtEGgLrOjaeF4JLVly","STRIPE PAYOUT","2025-01-08 00:00:00","paid",,,"bank_account","STRIPE PAYOUT","ba_1CQ93zGtEGgLrOjalSDfxqij","STRIPE-SRFI5TU5","supported",
"po_1Qf9HuGtEGgLrOjag9f2B2cm","2025-01-09 00:07:50","2025-01-09 00:07:50","gbp","96.69","0.00","96.69","payout","txn_1Qf9HvGtEGgLrOjagN1IzCNf","STRIPE PAYOUT","2025-01-09 00:00:00","paid",,,"bank_account","STRIPE PAYOUT","ba_1CQ93zGtEGgLrOjalSDfxqij","STRIPE-ZHBCMPZE","supported",
"po_1Qgxv9GtEGgLrOja0lJQ8XfA","2025-01-14 00:23:51","2025-01-14 00:23:51","gbp","14.57","0.00","14.57","payout","txn_1Qgxv9GtEGgLrOja3sWE0b3N","STRIPE PAYOUT","2025-01-14 00:00:00","paid",,,"bank_account","STRIPE PAYOUT","ba_1CQ93zGtEGgLrOjalSDfxqij","STRIPE-676OZPPM","supported",
"po_1QhKJ8GtEGgLrOjaEcwcytI9","2025-01-15 00:18:06","2025-01-15 00:18:06","gbp","38.60","0.00","38.60","payout","txn_1QhKJFGtEGgLrOjaLEpR3xln","STRIPE PAYOUT","2025-01-15 00:00:00","paid",,,"bank_account","STRIPE PAYOUT","ba_1CQ93zGtEGgLrOjalSDfxqij","STRIPE-US93QESX","supported",
"po_1QhgemGtEGgLrOjaD0up5qJU","2025-01-16 00:09:56","2025-01-16 00:09:56","gbp","160.08","0.00","160.08","payout","txn_1QhgetGtEGgLrOjawcawCYuB","STRIPE PAYOUT","2025-01-16 00:00:00","paid",,,"bank_account","STRIPE PAYOUT","ba_1CQ93zGtEGgLrOjalSDfxqij","STRIPE-8HVAU5PN","supported",
"po_1Qj8g6GtEGgLrOjaRBNWqlI6","2025-01-20 00:17:18","2025-01-20 00:17:18","gbp","58.90","0.00","58.90","payout","txn_1Qj8g7GtEGgLrOjalzd4xsQo","STRIPE PAYOUT","2025-01-20 00:00:00","paid",,,"bank_account","STRIPE PAYOUT","ba_1CQ93zGtEGgLrOjalSDfxqij","STRIPE-WF229O2O","supported",
"po_1QjrdtGtEGgLrOjaHRuUhG6n","2025-01-22 00:18:02","2025-01-22 00:18:02","gbp","102.02","0.00","102.02","payout","txn_1QjrduGtEGgLrOjaUPiN8oVU","STRIPE PAYOUT","2025-01-22 00:00:00","paid",,,"bank_account","STRIPE PAYOUT","ba_1CQ93zGtEGgLrOjalSDfxqij","STRIPE-EVDBCXZD","supported",
"po_1QkDtRGtEGgLrOjaiRkTmlqp","2025-01-23 00:03:33","2025-01-23 00:03:33","gbp","135.86","0.00","135.86","payout","txn_1QkDtYGtEGgLrOjaP6SkpDIg","STRIPE PAYOUT","2025-01-23 00:00:00","paid",,,"bank_account","STRIPE PAYOUT","ba_1CQ93zGtEGgLrOjalSDfxqij","STRIPE-4TMFIABI","supported",
"po_1Qlg8SGtEGgLrOjaea4s7MBz","2025-01-27 00:25:04","2025-01-27 00:25:04","gbp","88.25","0.00","88.25","payout","txn_1Qlg8SGtEGgLrOjaPhMygu8R","STRIPE PAYOUT","2025-01-27 00:00:00","paid",,,"bank_account","STRIPE PAYOUT","ba_1CQ93zGtEGgLrOjalSDfxqij","STRIPE-H3SFRCJT","supported",
"po_1QmOwXGtEGgLrOjaokE3YIs8","2025-01-29 00:15:45","2025-01-29 00:15:45","gbp","68.15","0.00","68.15","payout","txn_1QmOwYGtEGgLrOja21385XjZ","STRIPE PAYOUT","2025-01-29 00:00:00","paid",,,"bank_account","STRIPE PAYOUT","ba_1CQ93zGtEGgLrOjalSDfxqij","STRIPE-40E2C7Y4","supported",
"po_1QmlTMGtEGgLrOjaG0iQ9w66","2025-01-30 00:19:08","2025-01-30 00:19:08","gbp","87.42","0.00","87.42","payout","txn_1QmlTNGtEGgLrOjakijEpCyX","STRIPE PAYOUT","2025-01-30 00:00:00","paid",,,"bank_account","STRIPE PAYOUT","ba_1CQ93zGtEGgLrOjalSDfxqij","STRIPE-1UDJ4MKN","supported",
"po_1QoDLaGtEGgLrOjaagNPdMIf","2025-02-03 00:17:06","2025-02-03 00:17:06","gbp","58.90","0.00","58.90","payout","txn_1QoDLbGtEGgLrOjaASgVetAN","STRIPE PAYOUT","2025-02-03 00:00:00","paid",,,"bank_account","STRIPE PAYOUT","ba_1CQ93zGtEGgLrOjalSDfxqij","STRIPE-FEHS2PP1","supported",
"po_1QowLvGtEGgLrOja1S4Yd1n9","2025-02-05 00:20:27","2025-02-05 00:20:27","gbp","19.30","0.00","19.30","payout","txn_1QowLwGtEGgLrOjaZOMFiChJ","STRIPE PAYOUT","2025-02-05 00:00:00","paid",,,"bank_account","STRIPE PAYOUT","ba_1CQ93zGtEGgLrOjalSDfxqij","STRIPE-H0ML4KEB","supported",
"po_1QpIjDGtEGgLrOja4iEdXb1Z","2025-02-06 00:13:59","2025-02-06 00:13:59","gbp","48.65","0.00","48.65","payout","txn_1QpIjEGtEGgLrOjaFzJykDIH","STRIPE PAYOUT","2025-02-06 00:00:00","paid",,,"bank_account","STRIPE PAYOUT","ba_1CQ93zGtEGgLrOjalSDfxqij","STRIPE-PGVCMC2M","supported",
"po_1QqkgNGtEGgLrOjasb17StTk","2025-02-10 00:17:03","2025-02-10 00:17:03","gbp","19.15","0.00","19.15","payout","txn_1QqkgOGtEGgLrOjaOrfcn9OV","STRIPE PAYOUT","2025-02-10 00:00:00","paid",,,"bank_account","STRIPE PAYOUT","ba_1CQ93zGtEGgLrOjalSDfxqij","STRIPE-VOMR58CK","supported",
"po_1QrTbMGtEGgLrOja5wJ5PqK2","2025-02-12 00:14:52","2025-02-12 00:14:52","gbp","28.95","0.00","28.95","payout","txn_1QrTbNGtEGgLrOjaiQhq6CSJ","STRIPE PAYOUT","2025-02-12 00:00:00","paid",,,"bank_account","STRIPE PAYOUT","ba_1CQ93zGtEGgLrOjalSDfxqij","STRIPE-0JM1YFZM","supported",
"po_1Qrq24GtEGgLrOjaWT3mSWd2","2025-02-13 00:11:56","2025-02-13 00:11:56","gbp","102.22","0.00","102.22","payout","txn_1Qrq24GtEGgLrOja9fDSUrlf","STRIPE PAYOUT","2025-02-13 00:00:00","paid",,,"bank_account","STRIPE PAYOUT","ba_1CQ93zGtEGgLrOjalSDfxqij","STRIPE-WQGRJ44X","supported",
"po_1QtHtIGtEGgLrOjaioObrD3z","2025-02-17 00:08:52","2025-02-17 00:08:52","gbp","58.90","0.00","58.90","payout","txn_1QtHtIGtEGgLrOjarPOeDqxw","STRIPE PAYOUT","2025-02-17 00:00:00","paid",,,"bank_account","STRIPE PAYOUT","ba_1CQ93zGtEGgLrOjalSDfxqij","STRIPE-BK2FDKOW","supported",
"po_1Qu0z8GtEGgLrOjaiQ4hGeDd","2025-02-19 00:17:54","2025-02-19 00:17:54","gbp","68.15","0.00","68.15","payout","txn_1Qu0z8GtEGgLrOjaYLMs5yfj","STRIPE PAYOUT","2025-02-19 00:00:00","paid",,,"bank_account","STRIPE PAYOUT","ba_1CQ93zGtEGgLrOjalSDfxqij","STRIPE-DRE1YLTO","supported",
"po_1QuNZVGtEGgLrOjaIwzDfmdk","2025-02-20 00:24:57","2025-02-20 00:24:57","gbp","58.10","0.00","58.10","payout","txn_1QuNZVGtEGgLrOjawbY3Y7PY","STRIPE PAYOUT","2025-02-20 00:00:00","paid",,,"bank_account","STRIPE PAYOUT","ba_1CQ93zGtEGgLrOjalSDfxqij","STRIPE-UALCYJUN","supported",
"po_1Qujn9GtEGgLrOjaaeoXC9JS","2025-02-21 00:08:33","2025-02-21 00:08:33","gbp","14.31","0.00","14.31","payout","txn_1QujnCGtEGgLrOja0Ph72gmF","STRIPE PAYOUT","2025-02-21 00:00:00","paid",,,"bank_account","STRIPE PAYOUT","ba_1CQ93zGtEGgLrOjalSDfxqij","STRIPE-DY0P5AZF","supported",
"po_1QvpPQGtEGgLrOjaMcn0xKuk","2025-02-24 00:20:32","2025-02-24 00:20:32","gbp","58.90","0.00","58.90","payout","txn_1QvpPRGtEGgLrOja5lT5cEOs","STRIPE PAYOUT","2025-02-24 00:00:00","paid",,,"bank_account","STRIPE PAYOUT","ba_1CQ93zGtEGgLrOjalSDfxqij","STRIPE-EZH22S70","supported",
"po_1QwBvrGtEGgLrOjayLJ7NEA1","2025-02-25 00:23:32","2025-02-25 00:23:32","gbp","14.57","0.00","14.57","payout","txn_1QwBvsGtEGgLrOjamDpCXPTk","STRIPE PAYOUT","2025-02-25 00:00:00","paid",,,"bank_account","STRIPE PAYOUT","ba_1CQ93zGtEGgLrOjalSDfxqij","STRIPE-2TODLBLC","supported",
"po_1QwYWpGtEGgLrOjaJuqH64VC","2025-02-26 00:31:11","2025-02-26 00:31:11","gbp","78.00","0.00","78.00","payout","txn_1QwYWpGtEGgLrOjakHsWLUWr","STRIPE PAYOUT","2025-02-26 00:00:00","paid",,,"bank_account","STRIPE PAYOUT","ba_1CQ93zGtEGgLrOjalSDfxqij","STRIPE-HDNLEVBF","supported",
"po_1QwuwAGtEGgLrOjaoJvcMvOu","2025-02-27 00:26:51","2025-02-27 00:26:51","gbp","53.36","0.00","53.36","payout","txn_1QwuwBGtEGgLrOjaWJmfqAU4","STRIPE PAYOUT","2025-02-27 00:00:00","paid",,,"bank_account","STRIPE PAYOUT","ba_1CQ93zGtEGgLrOjalSDfxqij","STRIPE-BOPFDFRR","supported",
"po_1QyMjHGtEGgLrOjaGbarbpRY","2025-03-03 00:19:32","2025-03-03 00:19:32","gbp","58.90","0.00","58.90","payout","txn_1QyMjIGtEGgLrOjaeIrsydZu","STRIPE PAYOUT","2025-03-03 00:00:00","paid",,,"bank_account","STRIPE PAYOUT","ba_1CQ93zGtEGgLrOjalSDfxqij","STRIPE-3IDCJ7A7","supported",
"po_1QyjJvGtEGgLrOjawmJAhJOo","2025-03-04 00:26:51","2025-03-04 00:26:51","gbp","9.65","0.00","9.65","payout","txn_1QyjJvGtEGgLrOjatUzkpk3s","STRIPE PAYOUT","2025-03-04 00:00:00","paid",,,"bank_account","STRIPE PAYOUT","ba_1CQ93zGtEGgLrOjalSDfxqij","STRIPE-GXYS2ERJ","supported",
"po_1Qz5cPGtEGgLrOjaERrIrSu2","2025-03-05 00:15:25","2025-03-05 00:15:25","gbp","9.65","0.00","9.65","payout","txn_1Qz5cPGtEGgLrOja2UxzHaF3","STRIPE PAYOUT","2025-03-05 00:00:00","paid",,,"bank_account","STRIPE PAYOUT","ba_1CQ93zGtEGgLrOjalSDfxqij","STRIPE-05TAEORC","supported",
"po_1QzSDPGtEGgLrOjaytEcWbHa","2025-03-06 00:23:07","2025-03-06 00:23:07","gbp","242.54","0.00","242.54","payout","txn_1QzSDPGtEGgLrOjaU4RSzdoL","STRIPE PAYOUT","2025-03-06 00:00:00","paid",,,"bank_account","STRIPE PAYOUT","ba_1CQ93zGtEGgLrOjalSDfxqij","STRIPE-65ACHZSW","supported",
"po_1QzoauGtEGgLrOjaiuVWmi1I","2025-03-07 00:16:52","2025-03-07 00:16:52","gbp","19.30","0.00","19.30","payout","txn_1QzoavGtEGgLrOja53I5uQRJ","STRIPE PAYOUT","2025-03-07 00:00:00","paid",,,"bank_account","STRIPE PAYOUT","ba_1CQ93zGtEGgLrOjalSDfxqij","STRIPE-RMM0GDPY","supported",
"po_1R0tnOGtEGgLrOjaZwAaV5s5","2025-03-10 00:02:14","2025-03-10 00:02:14","gbp","58.90","0.00","58.90","payout","txn_1R0tnOGtEGgLrOjaeZJlMyaV","STRIPE PAYOUT","2025-03-10 00:00:00","paid",,,"bank_account","STRIPE PAYOUT","ba_1CQ93zGtEGgLrOjalSDfxqij","STRIPE-JJHZMH9Z","supported",
"po_1R1d4YGtEGgLrOjaXtvVDTwL","2025-03-12 00:22:58","2025-03-12 00:22:58","gbp","97.50","0.00","97.50","payout","txn_1R1d4ZGtEGgLrOjaRX05Ohup","STRIPE PAYOUT","2025-03-12 00:00:00","paid",,,"bank_account","STRIPE PAYOUT","ba_1CQ93zGtEGgLrOjalSDfxqij","STRIPE-MBJ6NYM4","supported",
"po_1R1zOpGtEGgLrOjaIUH9IvGC","2025-03-13 00:13:23","2025-03-13 00:13:23","gbp","155.78","0.00","155.78","payout","txn_1R1zOpGtEGgLrOjal2gX1idz","STRIPE PAYOUT","2025-03-13 00:00:00","paid",,,"bank_account","STRIPE PAYOUT","ba_1CQ93zGtEGgLrOjalSDfxqij","STRIPE-W0ZWC0KC","supported",
"po_1R3RLtGtEGgLrOjaUbM44r58","2025-03-17 00:16:21","2025-03-17 00:16:21","gbp","68.55","0.00","68.55","payout","txn_1R3RLuGtEGgLrOjaarxDDw3l","STRIPE PAYOUT","2025-03-17 00:00:00","paid",,,"bank_account","STRIPE PAYOUT","ba_1CQ93zGtEGgLrOjalSDfxqij","STRIPE-DRZ6XDUK","supported",
"po_1R4AAbGtEGgLrOjaDHpJKLTg","2025-03-19 00:07:41","2025-03-19 00:07:41","gbp","19.30","0.00","19.30","payout","txn_1R4AAdGtEGgLrOjaSaOyQLHw","STRIPE PAYOUT","2025-03-19 00:00:00","paid",,,"bank_account","STRIPE PAYOUT","ba_1CQ93zGtEGgLrOjalSDfxqij","STRIPE-NXRRFYEW","supported",
"po_1R4WoLGtEGgLrOjaPzLbvaDP","2025-03-20 00:18:13","2025-03-20 00:18:13","gbp","184.15","0.00","184.15","payout","txn_1R4WoMGtEGgLrOjamCoT50Ng","STRIPE PAYOUT","2025-03-20 00:00:00","paid",,,"bank_account","STRIPE PAYOUT","ba_1CQ93zGtEGgLrOjalSDfxqij","STRIPE-L1FKUYMM","supported",
"po_1R5yfEGtEGgLrOjaVo0ejpM7","2025-03-24 00:14:48","2025-03-24 00:14:48","gbp","78.40","0.00","78.40","payout","txn_1R5yfEGtEGgLrOjacEQZf5ys","STRIPE PAYOUT","2025-03-24 00:00:00","paid",,,"bank_account","STRIPE PAYOUT","ba_1CQ93zGtEGgLrOjalSDfxqij","STRIPE-JAADA0CS","supported",
"po_1R6hltGtEGgLrOjaau0HRkW5","2025-03-26 00:24:41","2025-03-26 00:24:41","gbp","43.26","0.00","43.26","payout","txn_1R6hltGtEGgLrOjaCWaueqW6","STRIPE PAYOUT","2025-03-26 00:00:00","paid",,,"bank_account","STRIPE PAYOUT","ba_1CQ93zGtEGgLrOjalSDfxqij","STRIPE-KRCH6ULA","supported",
"po_1R746zGtEGgLrOja0C8lNvkk","2025-03-27 00:15:57","2025-03-27 00:15:57","gbp","242.41","0.00","242.41","payout","txn_1R746zGtEGgLrOjaQxPDrVI9","STRIPE PAYOUT","2025-03-27 00:00:00","paid",,,"bank_account","STRIPE PAYOUT","ba_1CQ93zGtEGgLrOjalSDfxqij","STRIPE-BKTXJ1BC","supported",
"po_1R8W4QGtEGgLrOjamxNnW01c","2025-03-31 00:19:18","2025-03-31 01:19:18","gbp","68.55","0.00","68.55","payout","txn_1R8W4RGtEGgLrOja4S8rGRMU","STRIPE PAYOUT","2025-03-31 00:00:00","paid",,,"bank_account","STRIPE PAYOUT","ba_1CQ93zGtEGgLrOjalSDfxqij","STRIPE-RTKSPG9S","supported",
"po_1R9EuKGtEGgLrOjauyDhkFSC","2025-04-02 00:11:52","2025-04-02 01:11:52","gbp","68.15","0.00","68.15","payout","txn_1R9EuKGtEGgLrOjaaTV9FWVZ","STRIPE PAYOUT","2025-04-02 00:00:00","paid",,,"bank_account","STRIPE PAYOUT","ba_1CQ93zGtEGgLrOjalSDfxqij","STRIPE-RIWWJKS9","supported",
"po_1R9bQMGtEGgLrOjakxr3lu12","2025-04-03 00:14:26","2025-04-03 01:14:26","gbp","57.90","0.00","57.90","payout","txn_1R9bQNGtEGgLrOjaZGqP1ZVt","STRIPE PAYOUT","2025-04-03 00:00:00","paid",,,"bank_account","STRIPE PAYOUT","ba_1CQ93zGtEGgLrOjalSDfxqij","STRIPE-M8DSXQPQ","supported",
"po_1R9xzXGtEGgLrOjawnA7LbMw","2025-04-04 00:20:15","2025-04-04 01:20:15","gbp","9.65","0.00","9.65","payout","txn_1R9xzYGtEGgLrOjar7jbIDG4","STRIPE PAYOUT","2025-04-04 00:00:00","paid",,,"bank_account","STRIPE PAYOUT","ba_1CQ93zGtEGgLrOjalSDfxqij","STRIPE-5F2ORKTE","supported",
"po_1RB3LsGtEGgLrOjaQkQs7AII","2025-04-07 00:15:48","2025-04-07 01:15:48","gbp","48.64","0.00","48.64","payout","txn_1RB3LtGtEGgLrOjaVr0x2GDc","STRIPE PAYOUT","2025-04-07 00:00:00","paid",,,"bank_account","STRIPE PAYOUT","ba_1CQ93zGtEGgLrOjalSDfxqij","STRIPE-T7UOY0ZP","supported",
"po_1RBPtOGtEGgLrOja3VskiuFP","2025-04-08 00:19:54","2025-04-08 01:19:54","gbp","29.35","0.00","29.35","payout","txn_1RBPtPGtEGgLrOja0esScP2X","STRIPE PAYOUT","2025-04-08 00:00:00","paid",,,"bank_account","STRIPE PAYOUT","ba_1CQ93zGtEGgLrOjalSDfxqij","STRIPE-IAQQ1UKP","supported",
"po_1RC8pRGtEGgLrOjaAPsLUTmq","2025-04-10 00:18:49","2025-04-10 01:18:49","gbp","232.32","0.00","232.32","payout","txn_1RC8pSGtEGgLrOjamEKq37rA","STRIPE PAYOUT","2025-04-10 00:00:00","paid",,,"bank_account","STRIPE PAYOUT","ba_1CQ93zGtEGgLrOjalSDfxqij","STRIPE-XRGBDBMS","supported",
"po_1RCVHIGtEGgLrOjadMe9HpVX","2025-04-11 00:17:04","2025-04-11 01:17:04","gbp","58.90","0.00","58.90","payout","txn_1RCVHJGtEGgLrOjaKiQ1yFF2","STRIPE PAYOUT","2025-04-11 00:00:00","paid",,,"bank_account","STRIPE PAYOUT","ba_1CQ93zGtEGgLrOjalSDfxqij","STRIPE-FRYCLKO0","supported",
"po_1RDaWOGtEGgLrOjaXrhWTvta","2025-04-14 00:05:08","2025-04-14 01:05:08","gbp","58.90","0.00","58.90","payout","txn_1RDaWPGtEGgLrOjaHg9H3w1B","STRIPE PAYOUT","2025-04-14 00:00:00","paid",,,"bank_account","STRIPE PAYOUT","ba_1CQ93zGtEGgLrOjalSDfxqij","STRIPE-R7AML7XD","supported",
"po_1REJPCGtEGgLrOjayvVz4ivV","2025-04-16 00:00:42","2025-04-16 01:00:42","gbp","38.63","0.00","38.63","payout","txn_1REJPDGtEGgLrOjahN06C8jw","STRIPE PAYOUT","2025-04-16 00:00:00","paid",,,"bank_account","STRIPE PAYOUT","ba_1CQ93zGtEGgLrOjalSDfxqij","STRIPE-RL4TKD9B","supported",
"po_1REg4kGtEGgLrOjaUCQIi1XX","2025-04-17 00:13:06","2025-04-17 01:13:06","gbp","155.27","0.00","155.27","payout","txn_1REg4kGtEGgLrOja2kWSNskU","STRIPE PAYOUT","2025-04-17 00:00:00","paid",,,"bank_account","STRIPE PAYOUT","ba_1CQ93zGtEGgLrOjalSDfxqij","STRIPE-EV3JVMHJ","supported",
"po_1RGqv7GtEGgLrOja3uK0Wioa","2025-04-23 00:12:09","2025-04-23 01:12:09","gbp","58.90","0.00","58.90","payout","txn_1RGqv8GtEGgLrOjaotj7d8jE","STRIPE PAYOUT","2025-04-23 00:00:00","paid",,,"bank_account","STRIPE PAYOUT","ba_1CQ93zGtEGgLrOjalSDfxqij","STRIPE-GRK8KLSE","supported",
"po_1RHZi3GtEGgLrOjabpBZExip","2025-04-25 00:01:39","2025-04-25 01:01:39","gbp","184.54","0.00","184.54","payout","txn_1RHZi3GtEGgLrOjap57jxQRk","STRIPE PAYOUT","2025-04-25 00:00:00","paid",,,"bank_account","STRIPE PAYOUT","ba_1CQ93zGtEGgLrOjalSDfxqij","STRIPE-KBPD92QI","supported",
"po_1RIfBMGtEGgLrOjayN1zYqrA","2025-04-28 00:04:24","2025-04-28 01:04:24","gbp","9.65","0.00","9.65","payout","txn_1RIfBNGtEGgLrOjaVBYkmeN3","STRIPE PAYOUT","2025-04-28 00:00:00","paid",,,"bank_account","STRIPE PAYOUT","ba_1CQ93zGtEGgLrOjalSDfxqij","STRIPE-N8OST9VX","supported",
"po_1RJ1mZGtEGgLrOjatJaFjDTB","2025-04-29 00:12:19","2025-04-29 01:12:19","gbp","14.57","0.00","14.57","payout","txn_1RJ1mZGtEGgLrOjazFYvQNaL","STRIPE PAYOUT","2025-04-29 00:00:00","paid",,,"bank_account","STRIPE PAYOUT","ba_1CQ93zGtEGgLrOjalSDfxqij","STRIPE-YXNJAPR4","supported",
"po_1RJODDGtEGgLrOjaKWWo48yv","2025-04-30 00:09:19","2025-04-30 01:09:19","gbp","39.00","0.00","39.00","payout","txn_1RJODEGtEGgLrOjacUwdWKua","STRIPE PAYOUT","2025-04-30 00:00:00","paid",,,"bank_account","STRIPE PAYOUT","ba_1CQ93zGtEGgLrOjalSDfxqij","STRIPE-ZZJDUPFE","supported",
